{"cameraMode":{"drawMode":0,"name":"Shaded","section":"Shading Mode"},"sceneLighting":true,"audioPlay":false,"sceneViewState":{"showFog":true,"showMaterialUpdate":true,"showSkybox":true,"showFlares":true,"showImageEffects":true,"showParticleSystems":true,"showVisualEffectGraphs":true,"m_FxEnabled":true},"in2DMode":false,"pivot":{"x":66.43966674804688,"y":162.73629760742188,"z":221.15975952148438},"rotation":{"x":-0.04474436119198799,"y":0.9547392725944519,"z":-0.22335347533226014,"w":-0.19125017523765565},"size":240.99078369140626,"orthographic":true}